{"basis": ["6-31G", "cc-pvtz", "cc-pvqz", "cc-pv5z", "aug-cc-pvtz", "aug-cc-pvqz"], "occ_eigs": [[-29.03771721734997, -1.4988667973073804, -0.66127508010847, -0.6612750801084644, -0.661275080108463], [-29.114795643107403, -1.5264856060349081, -0.6893790341128886, -0.6893790341128864, -0.6893790341128844], [-29.090095174202943, -1.5322540880114168, -0.7017093084115844, -0.7017093084115819, -0.7017093084115811], [-29.0465197021222, -1.545944391795706, -0.7154992035695784, -0.7154991989458891, -0.715499191230592], [-29.09098555187859, -1.5742971554288667, -0.7391738743403843, -0.7391738743403832, -0.7391738743403832], [-29.08941168542516, -1.558657941309506, -0.7286573326100695, -0.7286573326100663, -0.7286573326100622]], "density_difference": [2.005801914658936e-07, -1.441138902990701e-06, -2.8188382689938504e-06, -7.278513986651303e-06, -1.54332633407403e-06, -4.318101857195972e-06], "vxc": [[-0.15233654369182692, -0.1851189495720888, -0.2235473060347257, -0.270751313933699, -0.33147164185965494, -0.4109188664372784, -0.5120149135628916, -0.6361634261898301, -0.7718599728348753, -0.9197780373248423, -1.0980620180417446, -1.2972885948160284, -1.4977354000956524, -1.7400661881871407, -1.9834747367352565, -0.8682940706685602, -1.2505045669484436, -2.8105360382592544, -4.327559932798141, -5.478791523005214, -6.136578819851905, -6.368781880554619, -6.389803702266926, -6.388500626608543, -6.388500626608543, -6.389803702266924, -6.368781880554619, -6.136578819851905, -5.478791523005214, -4.327559932798141, -2.8105360382592393, -1.2505045669484436, -0.8682940706685403, -1.9834747367352534, -1.740066188187149, -1.4977354000956546, -1.2972885948160302, -1.098062018041746, -0.9197780373248444, -0.7718599728348771, -0.6361634261898321, -0.5120149135628932, -0.4109188664372795, -0.3314716418596561, -0.27075131393370067, -0.2235473060347276, -0.18511894957209035, -0.15233654369182797], [-0.11978752267193812, -0.14960646540721526, -0.18249534271628878, -0.22077927179962265, -0.2673693112757084, -0.32599544087618504, -0.4008267553647821, -0.49637625827261095, -0.6121933127004149, -0.7537844357311119, -0.922111740634651, -1.1041099348320493, -1.2900986730549506, -1.5018303358373726, -1.8076051378384346, -2.0590470943334718, -0.7694376956366077, -1.3459553344251336, -2.9145392471979785, -4.42300831493702, -5.583207704311667, -6.250909569898626, -6.488118008364497, -6.512612142364655, -6.5119797485424655, -6.511979748542463, -6.512612142364656, -6.488118008364499, -6.25090956989863, -5.583207704311671, -4.423008314937018, -2.914539247197965, -1.3459553344251343, -0.7694376956366007, -2.0590470943334815, -1.8076051378384361, -1.501830335837373, -1.2900986730549502, -1.10410993483205, -0.9221117406346482, -0.7537844357311105, -0.6121933127004151, -0.49637625827261156, -0.4008267553647823, -0.325995440876185, -0.2673693112757084, -0.22077927179962287, -0.18249534271628884, -0.14960646540721526, -0.11978752267193814], [-0.11973831239724117, -0.14947492926958578, -0.18230483099272285, -0.2205830718365857, -0.26698036058589447, -0.32523937042330847, -0.40090122191781996, -0.49818963559128443, -0.6199450147819303, -0.7660052583026016, -0.9278285348683125, -1.101785080830887, -1.293547410380761, -1.5058193853007278, -1.8035187646370443, -2.122372025146124, -0.8718355885085827, -1.2701019924089385, -2.8453501580516707, -4.36259052093036, -5.561625702296551, -6.271527226351647, -6.532878808923558, -6.56460762017396, -6.572614709409442, -6.57261470940945, -6.564607620173958, -6.5328788089235585, -6.271527226351644, -5.561625702296562, -4.362590520930356, -2.845350158051658, -1.2701019924089192, -0.8718355885085842, -2.122372025146181, -1.8035187646370425, -1.5058193853007236, -1.2935474103807552, -1.1017850808308827, -0.9278285348683074, -0.766005258302597, -0.6199450147819286, -0.49818963559128293, -0.4009012219178175, -0.325239370423308, -0.2669803605858935, -0.2205830718365853, -0.18230483099272227, -0.14947492926958517, -0.11973831239724103], [-0.08980397681584859, -0.11969726035272119, -0.14933464186371365, -0.18205281443751348, -0.22033433606938532, -0.26764973740487286, -0.32980059496938696, -0.409067782429225, -0.5070708640018023, -0.6284905385924147, -0.7739933835663877, -0.9377334107368418, -1.1116037446054667, -1.29843764161794, -1.5233211919946623, -1.867136632595955, -2.1151693329780725, -0.8127035176145818, -1.2438409854581858, -2.781164022333737, -4.302563778569238, -5.489161724892214, -6.199545817429472, -6.467096168703035, -6.501433919554809, -6.512859040156247, -6.512859040156243, -6.501433919554805, -6.467096168703039, -6.199545817429485, -5.489161724892201, -4.302563778569246, -2.7811640223337157, -1.2438409854581545, -0.8127035176145226, -2.1151693329779793, -1.8671366325959526, -1.5233211919946692, -1.2984376416179373, -1.1116037446054643, -0.9377334107368449, -0.7739933835663855, -0.6284905385924141, -0.5070708640018027, -0.40906778242922387, -0.3298005949693871, -0.267649737404874, -0.22033433606938652, -0.18205281443751392, -0.14933464186371392, -0.11969726035272119, -0.08980397681584862], [0.0059188233300148, -0.021872839557055768, -0.04400567806238779, -0.07100023309520206, -0.15817328963135135, -0.28196317544421057, -0.3678448309799797, -0.4482585713824838, -0.544461716743445, -0.6584901653485614, -0.7963486144801605, -0.9612595305139164, -1.1419893850242047, -1.3285410415945782, -1.5428260923553287, -1.861297215371844, -2.140724988571403, -0.7480661429121105, -1.284744163454136, -2.8649502201940447, -4.383622533483828, -5.55021199897647, -6.2213899316860415, -6.4602415925581695, -6.485433097435386, -6.484892893311137, -6.484892893311141, -6.485433097435382, -6.4602415925581695, -6.221389931686042, -5.550211998976465, -4.38362253348382, -2.864950220194033, -1.2847441634541166, -0.7480661429120925, -2.1407249885714132, -1.861297215371851, -1.5428260923553325, -1.3285410415945849, -1.1419893850242122, -0.9612595305139219, -0.7963486144801613, -0.658490165348562, -0.544461716743446, -0.44825857138248937, -0.367844830979992, -0.28196317544423877, -0.15817328963138153, -0.07100023309521886, -0.04400567806239763, -0.021872839557059973, 0.0059188233300133805], [0.09721328798636274, 0.06779732863560711, 0.03282861602226114, -0.07201480955151388, -0.21444726326283237, -0.28835888284943545, -0.35029237873250396, -0.4268742126540693, -0.5247659228992372, -0.6461971056998831, -0.7909725115293414, -0.951891746111301, -1.1256773434792748, -1.3173204409238992, -1.5301309316032208, -1.832198269725751, -2.1568164470302955, -0.8714252693612796, -1.2576258660730666, -2.836986827163777, -4.356887111014776, -5.55766342979243, -6.268630708677714, -6.53052994044767, -6.562496638686402, -6.5705362596924575, -6.570536259692454, -6.562496638686409, -6.530529940447672, -6.268630708677727, -5.557663429792447, -4.356887111014811, -2.8369868271637713, -1.2576258660730746, -0.871425269361265, -2.1568164470303306, -1.8321982697257475, -1.5301309316032037, -1.3173204409238903, -1.1256773434792728, -0.9518917461112997, -0.7909725115293342, -0.6461971056998818, -0.5247659228992375, -0.4268742126540712, -0.35029237873250507, -0.28835888284943484, -0.2144472632628239, -0.07201480955148869, 0.03282861602228425, 0.06779732863561755, 0.09721328798636523]],