{"basis": ["6-31G", "cc-pvtz", "cc-pvqz", "cc-pv5z", "aug-cc-pvtz", "aug-cc-pvqz"], "occ_eigs": [[-30.395418707004417, -1.5969989887024865, -0.7448821793231962, -0.7448821793231872, -0.744882179323186]], "density_difference": [2.6070291758717445e-14], "vxc": [[-0.13613150177838781, -0.14682079886196964, -0.15787164205485324, -0.16939140993546314, -0.18148423915651163, -0.19425634244920575, -0.20782014200586477, -0.2222979097329644, -0.23782531885881913, -0.2545551426405173, -0.2726611311161753, -0.2923417219627378, -0.31382265847035445, -0.33735695149426204, -0.3632202408995528, -0.39169973403101876, -0.42307540064752813, -0.45759193539016285, -0.49541647701996383, -0.5365683520007657, -0.5808066426298757, -0.6275186398291013, -0.6758015984747272, -0.7249847915324594, -0.7754085472915696, -0.8286383602892059, -0.88664716795981, -0.9507223314998442, -1.021050513673422, -1.0969577978094875, -1.1772628551531452, -1.2604624730799234, -1.3447834241215693, -1.4282113746124394, -1.5085381884087332, -1.5834126978426808, -1.6504615010890054, -1.7076302480748982, -1.753625407554732, -1.7873057899233864, -1.8032337699061056, -1.7867371144370896, -1.741707550185593, -1.747919318448397, -1.9090493071929147, -2.246130232517345, -2.7128707596601545, -3.252231053930869, -3.820054533747962, -4.387408016938054, -4.935015918830335, -5.4476167756599025, -5.911945134705816, -6.317681800553934, -6.658300525047011, -6.9312427821433875, -7.1313752075770385, -7.280462023082846, -7.382703070193375, -7.450371732518309, -7.48782558163583, -7.510077113015071, -7.522443607132328, -7.526935144834896, -7.528929569165137, -7.529450553104378, -7.529453379895999, -7.529453873551546, -7.529453873551538, -7.529453379895995, -7.529450553104379, -7.528929569165139, -7.526935144834892, -7.522443607132328, -7.510077113015069, -7.48782558163583, -7.450371732518305, -7.382703070193374, -7.2804620230828405, -7.131375207577042, -6.931242782143394, -6.658300525047015, -6.317681800553932, -5.911945134705816, -5.4476167756598946, -4.935015918830334, -4.387408016938046, -3.8200545337479617, -3.2522310539308688, -2.7128707596601496, -2.246130232517322, -1.909049307192919, -1.7479193184483992, -1.7417075501856023, -1.7867371144370703, -1.803233769906107, -1.787305789923384, -1.7536254075547353, -1.7076302480748988, -1.650461501089006, -1.5834126978426821, -1.508538188408739, -1.4282113746124394, -1.3447834241215697, -1.26046247307992, -1.1772628551531454, -1.0969577978094849, -1.0210505136734227, -0.9507223314998442, -0.8866471679598077, -0.8286383602892049, -0.7754085472915687, -0.7249847915324589, -0.6758015984747263, -0.6275186398291007, -0.5808066426298768, -0.536568352000764, -0.49541647701996383, -0.4575919353901629, -0.42307540064752747, -0.39169973403101804, -0.3632202408995525, -0.3373569514942622, -0.31382265847035445, -0.2923417219627375, -0.27266113111617507, -0.2545551426405172, -0.23782531885881858, -0.22229790973296423, -0.20782014200586452, -0.19425634244920534, -0.18148423915651163, -0.1693914099354629, -0.15787164205485305, -0.1468207988619693, -0.13613150177838795]], "grid": [-7.52767695984348, -6.9856973483365365, -6.505659467874147, -6.074704727660031, -5.683700874081749, -5.325935982263282, -4.9963376427824695, -4.690982774555707, -4.40677727453687, -4.141239494433501, -3.892349645159512, -3.658442442481915, -3.4381289195874607, -3.2302384004226288, -3.033774712265584, -2.8478826496832594, -2.6718219463705273, -2.504946831017476, -2.346689794683036, -2.1965485750844382, -2.0540756267639058, -1.9188695327818228, -1.7905679477347742, -1.668841759570986, -1.553390229661118, -1.4439369242351667, -1.3402262907042595, -1.2420207631160216, -1.1490983045745142, -1.0612503127069877, -0.9782798284977579, -0.9000000000000002, -0.826232761293699, -0.756807694115454, -0.6915610452447057, -0.6303348772955185, -0.5729763342660836, -0.5193370062185967, -0.469272379938997, -0.4226413644674522, -0.3793058820815131, -0.3391305167216592, -0.3019822130269752, -0.26773002013962266, -0.23624487527507515, -0.207399422768728, -0.18106786492141594, -0.15712584149560138, -0.13545033517660948, -0.11591960072309296, -0.09841311590026819, -0.0828115526297627, -0.06899676711239607, -0.05685180799663715, -0.04626094198915559, -0.037109696651044216, -0.029284920515171457, -0.022674861126159022, -0.017169262187782953, -0.012659481769141284, -0.00903863457637505, -0.0062017628180024474, -0.004046042490342133, -0.002471035564991158, -0.0013790047298823424, -0.0006753185347615548, -0.0002689971438801346, -7.349984734373542e-05, 7.349984734373542e-05, 0.0002689971438801346, 0.0006753185347615548, 0.0013790047298823424, 0.002471035564991158, 0.004046042490342133, 0.0062017628180024474, 0.00903863457637505, 0.012659481769141284, 0.017169262187782953, 0.022674861126159022, 0.029284920515171457, 0.037109696651044216, 0.04626094198915559, 0.05685180799663715, 0.06899676711239607, 0.0828115526297627, 0.09841311590026819, 0.11591960072309296, 0.13545033517660948, 0.15712584149560138, 0.18106786492141594, 0.207399422768728, 0.23624487527507515, 0.26773002013962266, 0.3019822130269752, 0.3391305167216592, 0.3793058820815131, 0.4226413644674522, 0.469272379938997, 0.5193370062185967, 0.5729763342660836, 0.6303348772955185, 0.6915610452447057, 0.756807694115454, 0.826232761293699, 0.9000000000000002, 0.9782798284977579, 1.0612503127069877, 1.1490983045745142, 1.2420207631160216, 1.3402262907042595, 1.4439369242351667, 1.553390229661118, 1.668841759570986, 1.7905679477347742, 1.9188695327818228, 2.0540756267639058, 2.1965485750844382, 2.346689794683036, 2.504946831017476, 2.6718219463705273, 2.8478826496832594, 3.033774712265584, 3.2302384004226288, 3.4381289195874607, 3.658442442481915, 3.892349645159512, 4.141239494433501, 4.40677727453687, 4.690982774555707, 4.9963376427824695, 5.325935982263282, 5.683700874081749, 6.074704727660031, 6.505659467874147, 6.9856973483365365, 7.52767695984348], "details": []}